{
    "variables": [],
    "info": {
        "name": "Laravel API",
        "_postman_id": "2810b661-b0f2-4dcf-bc8a-7c377c326d07",
        "description": "",
        "schema": "https:\/\/schema.getpostman.com\/json\/collection\/v2.0.0\/collection.json"
    },
    "item": [
        {
            "name": "Address Book",
            "description": "",
            "item": [
                {
                    "name": "Store an address",
                    "request": {
                        "url": {
                            "protocol": "http",
                            "host": "localhost",
                            "path": "api\/v1\/address-book\/store",
                            "query": []
                        },
                        "method": "POST",
                        "header": [
                            {
                                "key": "Content-Type",
                                "value": "application\/json"
                            },
                            {
                                "key": "Accept",
                                "value": "application\/json"
                            },
                            {
                                "key": "Authorization",
                                "value": "Bearer {token}"
                            },
                            {
                                "key": "X-Authorization",
                                "value": "{apikey}"
                            }
                        ],
                        "body": {
                            "mode": "raw",
                            "raw": "{\n    \"name\": \"porro\",\n    \"email\": \"ab\",\n    \"address\": \"quis\",\n    \"postal_code\": \"ut\",\n    \"contact_number\": \"eius\",\n    \"country_id\": \"dolores\",\n    \"state_id\": \"sint\",\n    \"city_id\": \"perferendis\",\n    \"is_self\": \"est\",\n    \"address_type\": \"itaque\"\n}"
                        },
                        "description": "",
                        "response": []
                    }
                },
                {
                    "name": "Update an address",
                    "request": {
                        "url": {
                            "protocol": "http",
                            "host": "localhost",
                            "path": "api\/v1\/address-book\/update\/:id",
                            "query": [],
                            "variable": [
                                {
                                    "id": "id",
                                    "key": "id",
                                    "value": "est",
                                    "description": "id of an address"
                                }
                            ]
                        },
                        "method": "PATCH",
                        "header": [
                            {
                                "key": "Content-Type",
                                "value": "application\/json"
                            },
                            {
                                "key": "Accept",
                                "value": "application\/json"
                            },
                            {
                                "key": "Authorization",
                                "value": "Bearer {token}"
                            },
                            {
                                "key": "X-Authorization",
                                "value": "{apikey}"
                            }
                        ],
                        "body": {
                            "mode": "raw",
                            "raw": "{\n    \"name\": \"accusamus\",\n    \"email\": \"in\",\n    \"address\": \"esse\",\n    \"postal_code\": \"sit\",\n    \"contact_number\": \"officia\",\n    \"country_id\": \"et\",\n    \"state_id\": \"ut\",\n    \"city_id\": \"voluptas\",\n    \"is_self\": \"sit\",\n    \"address_type\": \"molestiae\"\n}"
                        },
                        "description": "",
                        "response": []
                    }
                },
                {
                    "name": "Get addresses",
                    "request": {
                        "url": {
                            "protocol": "http",
                            "host": "localhost",
                            "path": "api\/v1\/address-book\/get-addresses\/:isSelf",
                            "query": [],
                            "variable": [
                                {
                                    "id": "isSelf",
                                    "key": "isSelf",
                                    "value": "voluptas",
                                    "description": "if own address 1 else 0 (bool)"
                                }
                            ]
                        },
                        "method": "GET",
                        "header": [
                            {
                                "key": "Content-Type",
                                "value": "application\/json"
                            },
                            {
                                "key": "Accept",
                                "value": "application\/json"
                            },
                            {
                                "key": "Authorization",
                                "value": "Bearer {token}"
                            },
                            {
                                "key": "X-Authorization",
                                "value": "{apikey}"
                            }
                        ],
                        "body": {
                            "mode": "raw",
                            "raw": "[]"
                        },
                        "description": "",
                        "response": []
                    }
                },
                {
                    "name": "Trash an address",
                    "request": {
                        "url": {
                            "protocol": "http",
                            "host": "localhost",
                            "path": "api\/v1\/address-book\/delete\/:id",
                            "query": [],
                            "variable": [
                                {
                                    "id": "id",
                                    "key": "id",
                                    "value": "ullam",
                                    "description": "id of an address"
                                }
                            ]
                        },
                        "method": "DELETE",
                        "header": [
                            {
                                "key": "Content-Type",
                                "value": "application\/json"
                            },
                            {
                                "key": "Accept",
                                "value": "application\/json"
                            },
                            {
                                "key": "Authorization",
                                "value": "Bearer {token}"
                            },
                            {
                                "key": "X-Authorization",
                                "value": "{apikey}"
                            }
                        ],
                        "body": {
                            "mode": "raw",
                            "raw": "[]"
                        },
                        "description": "",
                        "response": []
                    }
                },
                {
                    "name": "Trashed addresses",
                    "request": {
                        "url": {
                            "protocol": "http",
                            "host": "localhost",
                            "path": "api\/v1\/address-book\/trashed",
                            "query": []
                        },
                        "method": "GET",
                        "header": [
                            {
                                "key": "Content-Type",
                                "value": "application\/json"
                            },
                            {
                                "key": "Accept",
                                "value": "application\/json"
                            },
                            {
                                "key": "Authorization",
                                "value": "Bearer {token}"
                            },
                            {
                                "key": "X-Authorization",
                                "value": "{apikey}"
                            }
                        ],
                        "body": {
                            "mode": "raw",
                            "raw": "[]"
                        },
                        "description": "",
                        "response": []
                    }
                },
                {
                    "name": "Restore a trashed address",
                    "request": {
                        "url": {
                            "protocol": "http",
                            "host": "localhost",
                            "path": "api\/v1\/address-book\/restore\/:id",
                            "query": [],
                            "variable": [
                                {
                                    "id": "id",
                                    "key": "id",
                                    "value": "ut",
                                    "description": "id of an address"
                                }
                            ]
                        },
                        "method": "PATCH",
                        "header": [
                            {
                                "key": "Content-Type",
                                "value": "application\/json"
                            },
                            {
                                "key": "Accept",
                                "value": "application\/json"
                            },
                            {
                                "key": "Authorization",
                                "value": "Bearer {token}"
                            },
                            {
                                "key": "X-Authorization",
                                "value": "{apikey}"
                            }
                        ],
                        "body": {
                            "mode": "raw",
                            "raw": "[]"
                        },
                        "description": "",
                        "response": []
                    }
                }
            ]
        },
        {
            "name": "Place",
            "description": "",
            "item": [
                {
                    "name": "All countries",
                    "request": {
                        "url": {
                            "protocol": "http",
                            "host": "localhost",
                            "path": "api\/v1\/place\/all-country",
                            "query": []
                        },
                        "method": "GET",
                        "header": [
                            {
                                "key": "Content-Type",
                                "value": "application\/json"
                            },
                            {
                                "key": "Accept",
                                "value": "application\/json"
                            },
                            {
                                "key": "Authorization",
                                "value": "Bearer {token}"
                            },
                            {
                                "key": "X-Authorization",
                                "value": "{apikey}"
                            }
                        ],
                        "body": {
                            "mode": "raw",
                            "raw": "[]"
                        },
                        "description": "",
                        "response": []
                    }
                },
                {
                    "name": "Fixed countries",
                    "request": {
                        "url": {
                            "protocol": "http",
                            "host": "localhost",
                            "path": "api\/v1\/place\/fixed-country",
                            "query": []
                        },
                        "method": "GET",
                        "header": [
                            {
                                "key": "Content-Type",
                                "value": "application\/json"
                            },
                            {
                                "key": "Accept",
                                "value": "application\/json"
                            },
                            {
                                "key": "Authorization",
                                "value": "Bearer {token}"
                            },
                            {
                                "key": "X-Authorization",
                                "value": "{apikey}"
                            }
                        ],
                        "body": {
                            "mode": "raw",
                            "raw": "[]"
                        },
                        "description": "",
                        "response": []
                    }
                },
                {
                    "name": "Search countries",
                    "request": {
                        "url": {
                            "protocol": "http",
                            "host": "localhost",
                            "path": "api\/v1\/place\/search-country",
                            "query": [
                                {
                                    "key": "query",
                                    "value": "11",
                                    "description": "Search keyword of country's ?query=name.",
                                    "disabled": false
                                }
                            ]
                        },
                        "method": "GET",
                        "header": [
                            {
                                "key": "Content-Type",
                                "value": "application\/json"
                            },
                            {
                                "key": "Accept",
                                "value": "application\/json"
                            },
                            {
                                "key": "Authorization",
                                "value": "Bearer {token}"
                            },
                            {
                                "key": "X-Authorization",
                                "value": "{apikey}"
                            }
                        ],
                        "body": {
                            "mode": "raw",
                            "raw": "[]"
                        },
                        "description": "",
                        "response": []
                    }
                },
                {
                    "name": "States all\/search",
                    "request": {
                        "url": {
                            "protocol": "http",
                            "host": "localhost",
                            "path": "api\/v1\/place\/states-of-country\/:countryId",
                            "query": [
                                {
                                    "key": "query",
                                    "value": "ducimus",
                                    "description": "optional Search keyword of state's ?query=name.",
                                    "disabled": false
                                }
                            ],
                            "variable": [
                                {
                                    "id": "countryId",
                                    "key": "countryId",
                                    "value": "8",
                                    "description": "id of country."
                                }
                            ]
                        },
                        "method": "GET",
                        "header": [
                            {
                                "key": "Content-Type",
                                "value": "application\/json"
                            },
                            {
                                "key": "Accept",
                                "value": "application\/json"
                            },
                            {
                                "key": "Authorization",
                                "value": "Bearer {token}"
                            },
                            {
                                "key": "X-Authorization",
                                "value": "{apikey}"
                            }
                        ],
                        "body": {
                            "mode": "raw",
                            "raw": "[]"
                        },
                        "description": "",
                        "response": []
                    }
                },
                {
                    "name": "Cities all\/search",
                    "request": {
                        "url": {
                            "protocol": "http",
                            "host": "localhost",
                            "path": "api\/v1\/place\/cities-of-state\/:stateId",
                            "query": [
                                {
                                    "key": "query",
                                    "value": "quo",
                                    "description": "optional Search keyword of city's ?query=name.",
                                    "disabled": false
                                }
                            ],
                            "variable": [
                                {
                                    "id": "stateId",
                                    "key": "stateId",
                                    "value": "ad",
                                    "description": "id of state."
                                }
                            ]
                        },
                        "method": "GET",
                        "header": [
                            {
                                "key": "Content-Type",
                                "value": "application\/json"
                            },
                            {
                                "key": "Accept",
                                "value": "application\/json"
                            },
                            {
                                "key": "Authorization",
                                "value": "Bearer {token}"
                            },
                            {
                                "key": "X-Authorization",
                                "value": "{apikey}"
                            }
                        ],
                        "body": {
                            "mode": "raw",
                            "raw": "[]"
                        },
                        "description": "",
                        "response": []
                    }
                }
            ]
        },
        {
            "name": "Ship",
            "description": "",
            "item": [
                {
                    "name": "Get Parcel Category",
                    "request": {
                        "url": {
                            "protocol": "http",
                            "host": "localhost",
                            "path": "api\/v1\/ship-parcel-attr\/get-categories",
                            "query": []
                        },
                        "method": "GET",
                        "header": [
                            {
                                "key": "Content-Type",
                                "value": "application\/json"
                            },
                            {
                                "key": "Accept",
                                "value": "application\/json"
                            },
                            {
                                "key": "Authorization",
                                "value": "Bearer {token}"
                            },
                            {
                                "key": "X-Authorization",
                                "value": "{apikey}"
                            }
                        ],
                        "body": {
                            "mode": "raw",
                            "raw": "[]"
                        },
                        "description": "",
                        "response": []
                    }
                },
                {
                    "name": "Get Parcel price",
                    "request": {
                        "url": {
                            "protocol": "http",
                            "host": "localhost",
                            "path": "api\/v1\/ship-parcel-attr\/get-price\/:category\/:from\/:to",
                            "query": [],
                            "variable": [
                                {
                                    "id": "category",
                                    "key": "category",
                                    "value": "beatae",
                                    "description": "The ID of the Parcel category."
                                },
                                {
                                    "id": "from",
                                    "key": "from",
                                    "value": "15",
                                    "description": "The ID of the from country"
                                },
                                {
                                    "id": "to",
                                    "key": "to",
                                    "value": "5",
                                    "description": "The ID of the to country"
                                }
                            ]
                        },
                        "method": "GET",
                        "header": [
                            {
                                "key": "Content-Type",
                                "value": "application\/json"
                            },
                            {
                                "key": "Accept",
                                "value": "application\/json"
                            },
                            {
                                "key": "Authorization",
                                "value": "Bearer {token}"
                            },
                            {
                                "key": "X-Authorization",
                                "value": "{apikey}"
                            }
                        ],
                        "body": {
                            "mode": "raw",
                            "raw": "[]"
                        },
                        "description": "",
                        "response": []
                    }
                }
            ]
        },
        {
            "name": "Store",
            "description": "",
            "item": [
                {
                    "name": "Get Nearest Store",
                    "request": {
                        "url": {
                            "protocol": "http",
                            "host": "localhost",
                            "path": "api\/v1\/ship-parcel-store\/nearest-stores",
                            "query": [
                                {
                                    "key": "lat",
                                    "value": "cum",
                                    "description": "latitude of users position",
                                    "disabled": false
                                },
                                {
                                    "key": "lon",
                                    "value": "nisi",
                                    "description": "longitude of users position",
                                    "disabled": false
                                }
                            ]
                        },
                        "method": "GET",
                        "header": [
                            {
                                "key": "Content-Type",
                                "value": "application\/json"
                            },
                            {
                                "key": "Accept",
                                "value": "application\/json"
                            },
                            {
                                "key": "Authorization",
                                "value": "Bearer {token}"
                            },
                            {
                                "key": "X-Authorization",
                                "value": "{apikey}"
                            }
                        ],
                        "body": {
                            "mode": "raw",
                            "raw": "[]"
                        },
                        "description": "",
                        "response": []
                    }
                }
            ]
        },
        {
            "name": "general",
            "description": "",
            "item": [
                {
                    "name": "api\/exchange",
                    "request": {
                        "url": {
                            "protocol": "http",
                            "host": "localhost",
                            "path": "api\/exchange",
                            "query": []
                        },
                        "method": "POST",
                        "header": [
                            {
                                "key": "Content-Type",
                                "value": "application\/json"
                            },
                            {
                                "key": "Accept",
                                "value": "application\/json"
                            },
                            {
                                "key": "Authorization",
                                "value": "Bearer {token}"
                            },
                            {
                                "key": "X-Authorization",
                                "value": "{apikey}"
                            }
                        ],
                        "body": {
                            "mode": "raw",
                            "raw": "[]"
                        },
                        "description": "",
                        "response": []
                    }
                }
            ]
        }
    ]
}